"NAME","key","value"
"ABBOTT","PCTWHITE",89.5
"ACEVEDO","PCTHISPANIC",93.54
"ACOSTA","PCTHISPANIC",89.48
"ADAMS","PCTWHITE",74.02
"ADKINS","PCTWHITE",87.2
"AGUILAR","PCTHISPANIC",93.32
"AGUIRRE","PCTHISPANIC",92.94
"AHMED","PCTAPI",56.54
"AHMED","PCTBLACK",22.02
"ALEXANDER","PCTWHITE",58.19
"ALEXANDER","PCTBLACK",34.04
"ALFARO","PCTHISPANIC",93.26
"ALI","PCTAPI",42.91
"ALI","PCTBLACK",30.71
"ALLEN","PCTWHITE",67.59
"ALLEN","PCTBLACK",26.17
"ALLISON","PCTWHITE",80.72
"ALVARADO","PCTHISPANIC",94.42
"ALVAREZ","PCTHISPANIC",92.45
"ANDERSEN","PCTWHITE",94
"ANDERSON","PCTWHITE",75.17
"ANDRADE","PCTHISPANIC",78.19
"ANDREWS","PCTWHITE",71.78
"ANDREWS","PCTBLACK",21.58
"ANTHONY","PCTWHITE",59.82
"ANTHONY","PCTBLACK",31.93
"ARCHER","PCTWHITE",79.5
"ARELLANO","PCTHISPANIC",92.12
"ARIAS","PCTHISPANIC",93.07
"ARMSTRONG","PCTWHITE",72.39
"ARMSTRONG","PCTBLACK",21.01
"ARNOLD","PCTWHITE",81.27
"ARROYO","PCTHISPANIC",93.31
"ASHLEY","PCTWHITE",71.84
"ASHLEY","PCTBLACK",20.6
"ATKINS","PCTWHITE",67.62
"ATKINS","PCTBLACK",26.67
"ATKINSON","PCTWHITE",79.31
"AUSTIN","PCTWHITE",67.47
"AUSTIN","PCTBLACK",26.01
"AVALOS","PCTHISPANIC",95.83
"AVERY","PCTWHITE",71.13
"AVERY","PCTBLACK",22.93
"AVILA","PCTHISPANIC",90.96
"AYALA","PCTHISPANIC",94.25
"AYERS","PCTWHITE",82.96
"BAILEY","PCTWHITE",72.45
"BAILEY","PCTBLACK",22
"BAKER","PCTWHITE",79.83
"BALDWIN","PCTWHITE",76.87
"BALL","PCTWHITE",82.32
"BALLARD","PCTWHITE",75.26
"BANKS","PCTBLACK",54.51
"BANKS","PCTWHITE",39.27
"BARAJAS","PCTHISPANIC",96.46
"BARBER","PCTWHITE",75.48
"BARKER","PCTWHITE",86.48
"BARNES","PCTWHITE",64.81
"BARNES","PCTBLACK",29.28
"BARNETT","PCTWHITE",76.44
"BARR","PCTWHITE",82.69
"BARRERA","PCTHISPANIC",93.18
"BARRETT","PCTWHITE",80.7
"BARRON","PCTWHITE",46.37
"BARRON","PCTHISPANIC",42.52
"BARRY","PCTWHITE",84.47
"BARTLETT","PCTWHITE",90.56
"BARTON","PCTWHITE",85.11
"BASS","PCTWHITE",69.18
"BASS","PCTBLACK",24.53
"BATES","PCTWHITE",75.35
"BAUER","PCTWHITE",95.1
"BAUTISTA","PCTHISPANIC",76.8
"BAXTER","PCTWHITE",80.37
"BEAN","PCTWHITE",80.83
"BEARD","PCTWHITE",74.91
"BEASLEY","PCTWHITE",67.02
"BEASLEY","PCTBLACK",27.62
"BECK","PCTWHITE",90.27
"BECKER","PCTWHITE",94.89
"BEIL","PCTWHITE",62.1
"BEIL","PCTBLACK",32.08
"BELL","PCTWHITE",61.11
"BELL","PCTBLACK",32.35
"BELTRAN","PCTHISPANIC",90.85
"BENDER","PCTWHITE",88.49
"BENITEZ","PCTHISPANIC",93.86
"BENJAMIN","PCTWHITE",49.04
"BENJAMIN","PCTBLACK",41.58
"BENNETT","PCTWHITE",76.56
"BENSON","PCTWHITE",77.85
"BENTLEY","PCTWHITE",82.48
"BENTON","PCTWHITE",69
"BENTON","PCTBLACK",24.95
"BERG","PCTWHITE",94.69
"BERGER","PCTWHITE",92.33
"BERNAL","PCTHISPANIC",88.54
"BERNARD","PCTWHITE",62.84
"BERNARD","PCTBLACK",25.83
"BERRY","PCTWHITE",70.66
"BERRY","PCTBLACK",23.11
"BEST","PCTWHITE",71.82
"BEST","PCTBLACK",22.5
"BISHOP","PCTWHITE",84.44
"BLACK","PCTWHITE",74.63
"BLACKBURN","PCTWHITE",87.41
"BLACKWELL","PCTWHITE",65.69
"BLACKWELL","PCTBLACK",28.46
"BLAIR","PCTWHITE",79.4
"BLAKE","PCTWHITE",71.21
"BLAKE","PCTBLACK",22.58
"BLANCHARD","PCTWHITE",84.87
"BLANKENSHIP","PCTWHITE",93.71
"BLEVINS","PCTWHITE",89.47
"BOND","PCTWHITE",75.91
"BONILLA","PCTHISPANIC",93.23
"BOOKER","PCTBLACK",65.22
"BOOKER","PCTWHITE",28.03
"BOONE","PCTWHITE",62.39
"BOONE","PCTBLACK",31.01
"BOOTH","PCTWHITE",83.38
"BOWEN","PCTWHITE",82.08
"BOWERS","PCTWHITE",83.4
"BOWMAN","PCTWHITE",80.82
"BOYD","PCTWHITE",63.18
"BOYD","PCTBLACK",30.77
"BOYER","PCTWHITE",88.78
"BOYLE","PCTWHITE",93.52
"BRADFORD","PCTWHITE",64.77
"BRADFORD","PCTBLACK",29.1
"BRADLEY","PCTWHITE",69.12
"BRADLEY","PCTBLACK",25.09
"BRADSHAW","PCTWHITE",78.07
"BRADY","PCTWHITE",87.28
"BRANCH","PCTWHITE",47.37
"BRANCH","PCTBLACK",45.9
"BRANDT","PCTWHITE",94.13
"BRAVO","PCTHISPANIC",90.6
"BRENNAN","PCTWHITE",94.56
"BREWER","PCTWHITE",81.3
"BRIDGES","PCTWHITE",67.71
"BRIDGES","PCTBLACK",27.05
"BRIGGS","PCTWHITE",75.92
"BROCK","PCTWHITE",83.03
"BROOKS","PCTWHITE",60.22
"BROOKS","PCTBLACK",33.47
"BROWN","PCTWHITE",57.95
"BROWN","PCTBLACK",35.6
"BROWNING","PCTWHITE",87.47
"BRUCE","PCTWHITE",77.35
"BRYAN","PCTWHITE",81.33
"BRYANT","PCTWHITE",58.46
"BRYANT","PCTBLACK",35.58
"BUCHANAN","PCTWHITE",77.4
"BUCK","PCTWHITE",88.1
"BUCKLEY","PCTWHITE",83.18
"BULLOCK","PCTWHITE",61.59
"BULLOCK","PCTBLACK",32.96
"BURCH","PCTWHITE",78.77
"BURGESS","PCTWHITE",75.35
"BURKE","PCTWHITE",85.93
"BURNETT","PCTWHITE",69.91
"BURNETT","PCTBLACK",24.06
"BURNS","PCTWHITE",80.26
"BURTON","PCTWHITE",67.32
"BURTON","PCTBLACK",27.06
"BUSH","PCTWHITE",71.73
"BUSH","PCTBLACK",22.44
"BUTLER","PCTWHITE",62.36
"BUTLER","PCTBLACK",31.54
"BYRD","PCTWHITE",59.01
"BYRD","PCTBLACK",34.59
"CABRERA","PCTHISPANIC",91.02
"CAIN","PCTWHITE",77.21
"CALDERON","PCTHISPANIC",92.55
"CALDWELL","PCTWHITE",68.05
"CALDWELL","PCTBLACK",26.18
"CALHOUN","PCTWHITE",61.69
"CALHOUN","PCTBLACK",32.99
"CALLAHAN","PCTWHITE",89.8
"CAMACHO","PCTHISPANIC",89.56
"CAMERON","PCTWHITE",75.52
"CAMPBELL","PCTWHITE",73.66
"CAMPBELL","PCTBLACK",20.47
"CAMPOS","PCTHISPANIC",90.52
"CANNON","PCTWHITE",69.78
"CANNON","PCTBLACK",24.5
"CANO","PCTHISPANIC",91.27
"CANTRELL","PCTWHITE",89.67
"CANTU","PCTHISPANIC",90.89
"CARDENAS","PCTHISPANIC",93.7
"CAREY","PCTWHITE",80.9
"CARLSON","PCTWHITE",94.83
"CARPENTER","PCTWHITE",86.21
"CARR","PCTWHITE",73.61
"CARR","PCTBLACK",20.82
"CARRILLO","PCTHISPANIC",93.33
"CARROLL","PCTWHITE",82.95
"CARSON","PCTWHITE",72.25
"CARSON","PCTBLACK",21.67
"CARTER","PCTWHITE",58.2
"CARTER","PCTBLACK",35.59
"CASE","PCTWHITE",92.33
"CASEY","PCTWHITE",86.89
"CASTANEDA","PCTHISPANIC",93.42
"CASTILLO","PCTHISPANIC",90.26
"CASTRO","PCTHISPANIC",87.42
"CERVANTES","PCTHISPANIC",95.31
"CHAMBERS","PCTWHITE",65.7
"CHAMBERS","PCTBLACK",28.5
"CHAN","PCTAPI",89.32
"CHANDLER","PCTWHITE",74.49
"CHANG","PCTAPI",88.84
"CHAPMAN","PCTWHITE",79.51
"CHARLES","PCTBLACK",52.96
"CHARLES","PCTWHITE",33.69
"CHASE","PCTWHITE",81.84
"CHAVEZ","PCTHISPANIC",92.96
"CHEN","PCTAPI",96.12
"CHERRY","PCTWHITE",58.97
"CHERRY","PCTBLACK",35.45
"CHOI","PCTAPI",96.09
"CHRISTENSEN","PCTWHITE",94.42
"CHRISTIAN","PCTWHITE",66.41
"CHRISTIAN","PCTBLACK",24.57
"CHUNG","PCTAPI",90.01
"CHURCH","PCTWHITE",89.18
"CISNEROS","PCTHISPANIC",94.73
"CLARK","PCTWHITE",74.65
"CLARKE","PCTWHITE",61.02
"CLARKE","PCTBLACK",32.1
"CLAY","PCTWHITE",52.74
"CLAY","PCTBLACK",40.5
"CLAYTON","PCTWHITE",69.14
"CLAYTON","PCTBLACK",25.47
"CLEMENTS","PCTWHITE",84.86
"CLINE","PCTWHITE",92.86
"COBB","PCTWHITE",69.98
"COBB","PCTBLACK",24.79
"COCHRAN","PCTWHITE",85.29
"COFFEY","PCTWHITE",88.38
"COHEN","PCTWHITE",88.89
"COLE","PCTWHITE",75.33
"COLEMAN","PCTWHITE",49.43
"COLEMAN","PCTBLACK",44.6
"COLLIER","PCTWHITE",66.97
"COLLIER","PCTBLACK",27.39
"COLLINS","PCTWHITE",71.61
"COLLINS","PCTBLACK",22.43
"COLON","PCTHISPANIC",89.75
"COMBS","PCTWHITE",86.08
"COMPTON","PCTWHITE",87.26
"CONLEY","PCTWHITE",79.78
"CONNER","PCTWHITE",78.57
"CONRAD","PCTWHITE",92.02
"CONTRERAS","PCTHISPANIC",94.64
"CONWAY","PCTWHITE",81.76
"COOK","PCTWHITE",81.8
"COOPER","PCTWHITE",67.93
"COOPER","PCTBLACK",26.13
"COPELAND","PCTWHITE",65.85
"COPELAND","PCTBLACK",28.28
"CORDOVA","PCTHISPANIC",86.51
"CORONA","PCTHISPANIC",90.28
"CORREA","PCTHISPANIC",85.39
"CORTES","PCTHISPANIC",92.4
"CORTEZ","PCTHISPANIC",89.65
"COSTA","PCTWHITE",83.16
"COX","PCTWHITE",82.62
"CRAIG","PCTWHITE",79.03
"CRANE","PCTWHITE",90.11
"CRAWFORD","PCTWHITE",68.56
"CRAWFORD","PCTBLACK",25.65
"CROSBY","PCTWHITE",70.03
"CROSBY","PCTBLACK",24.02
"CROSS","PCTWHITE",75.47
"CRUZ","PCTHISPANIC",87.88
"CUEVAS","PCTHISPANIC",90.24
"CUMMINGS","PCTWHITE",72.52
"CUNNINGHAM","PCTWHITE",73.16
"CUNNINGHAM","PCTBLACK",21.18
"CURRY","PCTWHITE",59.18
"CURRY","PCTBLACK",34.93
"CURTIS","PCTWHITE",77.9
"DALTON","PCTWHITE",86.84
"DANIEL","PCTWHITE",62.84
"DANIEL","PCTBLACK",25.56
"DANIELS","PCTWHITE",54.67
"DANIELS","PCTBLACK",38.54
"DAUGHERTY","PCTWHITE",90.01
"DAVENPORT","PCTWHITE",71.76
"DAVENPORT","PCTBLACK",22.32
"DAVID","PCTWHITE",59.45
"DAVIDSON","PCTWHITE",84.38
"DAVILA","PCTHISPANIC",91.95
"DAVIS","PCTWHITE",62.2
"DAVIS","PCTBLACK",31.6
"DAWSON","PCTWHITE",68.3
"DAWSON","PCTBLACK",25.88
"DAY","PCTWHITE",83.08
"DEAN","PCTWHITE",76.61
"DECKER","PCTWHITE",93.96
"DEJESUS","PCTHISPANIC",83.92
"DELACRUZ","PCTHISPANIC",77.24
"DELAROSA","PCTHISPANIC",88.85
"DELEON","PCTHISPANIC",83.06
"DELGADO","PCTHISPANIC",92.47
"DENNIS","PCTWHITE",65.6
"DENNIS","PCTBLACK",27.84
"DIAZ","PCTHISPANIC",92.56
"DICKERSON","PCTWHITE",62.97
"DICKERSON","PCTBLACK",31.57
"DICKSON","PCTWHITE",75.76
"DILLON","PCTWHITE",84.36
"DIXON","PCTWHITE",54.25
"DIXON","PCTBLACK",39.26
"DODSON","PCTWHITE",81.39
"DOMINGUEZ","PCTHISPANIC",93.09
"DONALDSON","PCTWHITE",72.06
"DONALDSON","PCTBLACK",22.12
"DONOVAN","PCTWHITE",92.94
"DORSEY","PCTBLACK",52.16
"DORSEY","PCTWHITE",41.84
"DOUGHERTY","PCTWHITE",94.37
"DOUGLAS","PCTWHITE",58.62
"DOUGLAS","PCTBLACK",34.67
"DOYLE","PCTWHITE",89.12
"DRAKE","PCTWHITE",79.55
"DUARTE","PCTHISPANIC",79.99
"DUDLEY","PCTWHITE",65.96
"DUDLEY","PCTBLACK",27.67
"DUFFY","PCTWHITE",90.71
"DUKE","PCTWHITE",85.45
"DUNCAN","PCTWHITE",76.39
"DUNLAP","PCTWHITE",75
"DUNN","PCTWHITE",80.08
"DURAN","PCTHISPANIC",87.11
"DURHAM","PCTWHITE",73.03
"DURHAM","PCTBLACK",21.54
"DYER","PCTWHITE",83.22
"EATON","PCTWHITE",85.11
"EDWARDS","PCTWHITE",62.13
"EDWARDS","PCTBLACK",31.63
"ELLIOTT","PCTWHITE",81.62
"ELLIS","PCTWHITE",70.36
"ELLIS","PCTBLACK",23.47
"ELLISON","PCTWHITE",65.84
"ELLISON","PCTBLACK",28.32
"ENGLISH","PCTWHITE",71.37
"ENGLISH","PCTBLACK",22.42
"ENRIQUEZ","PCTHISPANIC",86.51
"ERICKSON","PCTWHITE",95.05
"ESCOBAR","PCTHISPANIC",92.44
"ESPARZA","PCTHISPANIC",94.17
"ESPINOSA","PCTHISPANIC",87.65
"ESPINOZA","PCTHISPANIC",94.91
"ESQUIVEL","PCTHISPANIC",94.66
"ESTES","PCTWHITE",86.75
"ESTRADA","PCTHISPANIC",92.86
"EVANS","PCTWHITE",68.39
"EVANS","PCTBLACK",25.72
"EVERETT","PCTWHITE",68.9
"EVERETT","PCTBLACK",24.59
"FARLEY","PCTWHITE",83.74
"FARMER","PCTWHITE",77.16
"FARRELL","PCTWHITE",89.88
"FAULKNER","PCTWHITE",79.38
"FELIX","PCTHISPANIC",66.29
"FERGUSON","PCTWHITE",74.83
"FERNANDEZ","PCTHISPANIC",83.58
"FIELDS","PCTWHITE",57.66
"FIELDS","PCTBLACK",35.78
"FIGUEROA","PCTHISPANIC",92.82
"FINLEY","PCTWHITE",72.3
"FINLEY","PCTBLACK",21.35
"FISCHER","PCTWHITE",94.34
"FISHER","PCTWHITE",82.58
"FITZGERALD","PCTWHITE",86.32
"FITZPATRICK","PCTWHITE",85.59
"FLEMING","PCTWHITE",71.71
"FLEMING","PCTBLACK",22.76
"FLETCHER","PCTWHITE",72.86
"FLETCHER","PCTBLACK",20.92
"FLORES","PCTHISPANIC",91.94
"FLOWERS","PCTWHITE",53.12
"FLOWERS","PCTBLACK",40.28
"FLOYD","PCTWHITE",65.41
"FLOYD","PCTBLACK",29.21
"FLYNN","PCTWHITE",91.91
"FOLEY","PCTWHITE",92.05
"FORD","PCTWHITE",62.05
"FORD","PCTBLACK",32
"FOSTER","PCTWHITE",69.65
"FOSTER","PCTBLACK",23.94
"FOWLER","PCTWHITE",81.41
"FOX","PCTWHITE",88.08
"FRANCIS","PCTWHITE",59.48
"FRANCIS","PCTBLACK",30.3
"FRANCO","PCTHISPANIC",81
"FRANK","PCTWHITE",84.54
"FRANKLIN","PCTWHITE",54.38
"FRANKLIN","PCTBLACK",38.76
"FRAZIER","PCTWHITE",56.1
"FRAZIER","PCTBLACK",37.36
"FREDERICK","PCTWHITE",80.13
"FREEMAN","PCTWHITE",65.5
"FREEMAN","PCTBLACK",28.34
"FRENCH","PCTWHITE",85.75
"FRIEDMAN","PCTWHITE",96.05
"FROST","PCTWHITE",86.46
"FRY","PCTWHITE",91.09
"FRYE","PCTWHITE",83.04
"FUENTES","PCTHISPANIC",93.24
"FULLER","PCTWHITE",73.22
"FULLER","PCTBLACK",21.06
"GAINES","PCTBLACK",50.72
"GAINES","PCTWHITE",42.93
"GALINDO","PCTHISPANIC",92.65
"GALLAGHER","PCTWHITE",94.62
"GALLEGOS","PCTHISPANIC",90.89
"GALVAN","PCTHISPANIC",92.26
"GARCIA","PCTHISPANIC",92.03
"GARDNER","PCTWHITE",75.01
"GARNER","PCTWHITE",71.71
"GARNER","PCTBLACK",22.82
"GARRETT","PCTWHITE",69.96
"GARRETT","PCTBLACK",24.45
"GARRISON","PCTWHITE",83.09
"GARZA","PCTHISPANIC",92.49
"GATES","PCTWHITE",75.04
"GENTRY","PCTWHITE",82.09
"GEORGE","PCTWHITE",66.47
"GIBBS","PCTWHITE",65.85
"GIBBS","PCTBLACK",28.29
"GIBSON","PCTWHITE",72.14
"GIBSON","PCTBLACK",21.78
"GILBERT","PCTWHITE",77.8
"GILES","PCTWHITE",64.94
"GILES","PCTBLACK",26.15
"GILL","PCTWHITE",65.23
"GILLESPIE","PCTWHITE",81.2
"GILMORE","PCTWHITE",65.41
"GILMORE","PCTBLACK",28.06
"GLASS","PCTWHITE",76.99
"GLENN","PCTWHITE",61.41
"GLENN","PCTBLACK",32.78
"GLOVER","PCTWHITE",52.58
"GLOVER","PCTBLACK",41.73
"GOLDEN","PCTWHITE",74.7
"GOMEZ","PCTHISPANIC",92.6
"GONZALES","PCTHISPANIC",84.06
"GONZALEZ","PCTHISPANIC",94.97
"GOOD","PCTWHITE",88.9
"GOODMAN","PCTWHITE",78.33
"GOODWIN","PCTWHITE",77.04
"GORDON","PCTWHITE",64.25
"GORDON","PCTBLACK",29.15
"GOULD","PCTWHITE",86.79
"GRAHAM","PCTWHITE",70.02
"GRAHAM","PCTBLACK",23.99
"GRANT","PCTWHITE",55.36
"GRANT","PCTBLACK",37.91
"GRAVES","PCTWHITE",69.64
"GRAVES","PCTBLACK",24.19
"GRAY","PCTWHITE",68.68
"GRAY","PCTBLACK",25.13
"GREEN","PCTWHITE",56.84
"GREEN","PCTBLACK",36.97
"GREENE","PCTWHITE",67.7
"GREENE","PCTBLACK",26.54
"GREER","PCTWHITE",73.3
"GREER","PCTBLACK",21.33
"GREGORY","PCTWHITE",78.64
"GRIFFIN","PCTWHITE",63.77
"GRIFFIN","PCTBLACK",30.81
"GRIFFITH","PCTWHITE",83.93
"GRIMES","PCTWHITE",74.91
"GROSS","PCTWHITE",84.87
"GUERRA","PCTHISPANIC",86.59
"GUERRERO","PCTHISPANIC",92.27
"GUEVARA","PCTHISPANIC",91.9
"GUTIERREZ","PCTHISPANIC",93.33
"GUZMAN","PCTHISPANIC",93.77
"HAHN","PCTWHITE",90.16
"HAIL","PCTWHITE",73.14
"HAIL","PCTBLACK",21.6
"HALE","PCTWHITE",82.23
"HALEY","PCTWHITE",81.27
"HALL","PCTWHITE",72.65
"HALL","PCTBLACK",21.59
"HAMILTON","PCTWHITE",70.21
"HAMILTON","PCTBLACK",23.71
"HAMMOND","PCTWHITE",78.23
"HAMPTON","PCTWHITE",53.7
"HAMPTON","PCTBLACK",40.3
"HANCOCK","PCTWHITE",87.33
"HANNA","PCTWHITE",87.09
"HANSEN","PCTWHITE",94.22
"HANSON","PCTWHITE",92.11
"HARDIN","PCTWHITE",77.67
"HARDING","PCTWHITE",80.14
"HARDY","PCTWHITE",61.47
"HARDY","PCTBLACK",32.34
"HARMON","PCTWHITE",77.26
"HARPER","PCTWHITE",67.9
"HARPER","PCTBLACK",26.22
"HARRELL","PCTWHITE",66.08
"HARRELL","PCTBLACK",28.84
"HARRINGTON","PCTWHITE",82.01
"HARRIS","PCTWHITE",51.4
"HARRIS","PCTBLACK",42.39
"HARRISON","PCTWHITE",68.66
"HARRISON","PCTBLACK",24.45
"HART","PCTWHITE",80.54
"HARTMAN","PCTWHITE",93.86
"HARVEY","PCTWHITE",68
"HARVEY","PCTBLACK",25
"HAWKINS","PCTWHITE",61.08
"HAWKINS","PCTBLACK",32.75
"HAYDEN","PCTWHITE",80.59
"HAYES","PCTWHITE",69.38
"HAYES","PCTBLACK",24.69
"HAYNES","PCTWHITE",61.08
"HAYNES","PCTBLACK",33.19
"HEATH","PCTWHITE",80.3
"HEBERT","PCTWHITE",90.43
"HENDERSON","PCTWHITE",59.63
"HENDERSON","PCTBLACK",33.98
"HENDRICKS","PCTWHITE",75.7
"HENDRIX","PCTWHITE",77.99
"HENRY","PCTWHITE",61.43
"HENRY","PCTBLACK",30.68
"HENSLEY","PCTWHITE",92.83
"HENSON","PCTWHITE",82.06
"HERMAN","PCTWHITE",90.49
"HERNANDEZ","PCTHISPANIC",94.89
"HERRERA","PCTHISPANIC",93.03
"HERRING","PCTWHITE",72.71
"HERRING","PCTBLACK",22.05
"HESS","PCTWHITE",94.63
"HESTER","PCTWHITE",73.1
"HESTER","PCTBLACK",21.94
"HICKMAN","PCTWHITE",75.17
"HICKS","PCTWHITE",67.37
"HICKS","PCTBLACK",26.88
"HIGGINS","PCTWHITE",83.91
"HILL","PCTWHITE",64.36
"HILL","PCTBLACK",29.12
"HINES","PCTWHITE",57.72
"HINES","PCTBLACK",36.73
"HINTON","PCTWHITE",53.16
"HINTON","PCTBLACK",40.63
"HO","PCTAPI",93.06
"HOBBS","PCTWHITE",79.07
"HODGE","PCTWHITE",68.67
"HODGE","PCTBLACK",24.92
"HODGES","PCTWHITE",73.41
"HODGES","PCTBLACK",20.9
"HOFFMAN","PCTWHITE",94.08
"HOGAN","PCTWHITE",80.12
"HOLLAND","PCTWHITE",76.77
"HOLLOWAY","PCTWHITE",58.27
"HOLLOWAY","PCTBLACK",36.07
"HOLMES","PCTWHITE",56.79
"HOLMES","PCTBLACK",37.28
"HOLT","PCTWHITE",79.38
"HOOD","PCTWHITE",74.07
"HOOD","PCTBLACK",20.16
"HOOVER","PCTWHITE",92.03
"HOPKINS","PCTWHITE",73.56
"HOPKINS","PCTBLACK",20.66
"HORN","PCTWHITE",85.15
"HORNE","PCTWHITE",70.93
"HORNE","PCTBLACK",24.03
"HORTON","PCTWHITE",69.99
"HORTON","PCTBLACK",24.3
"HOUSE","PCTWHITE",75.1
"HOUSTON","PCTWHITE",52.07
"HOUSTON","PCTBLACK",41.49
"HOWARD","PCTWHITE",64.31
"HOWARD","PCTBLACK",29.49
"HOWE","PCTWHITE",90.62
"HOWELL","PCTWHITE",79.48
"HUANG","PCTAPI",97.14
"HUBBARD","PCTWHITE",71.05
"HUBBARD","PCTBLACK",23.15
"HUBER","PCTWHITE",95.17
"HUDSON","PCTWHITE",66.88
"HUDSON","PCTBLACK",27.42
"HUERTA","PCTHISPANIC",95.47
"HUFF","PCTWHITE",81.37
"HUFFMAN","PCTWHITE",91.2
"HUGHES","PCTWHITE",78.39
"HULL","PCTWHITE",85.54
"HUMPHREY","PCTWHITE",71.31
"HUMPHREY","PCTBLACK",23.21
"HUNT","PCTWHITE",73.57
"HUNTER","PCTWHITE",60.78
"HUNTER","PCTBLACK",32.69
"HURLEY","PCTWHITE",90.71
"HURST","PCTWHITE",84.5
"HUTCHINSON","PCTWHITE",75.38
"HUYNH","PCTAPI",96.68
"IBARRA","PCTHISPANIC",95.32
"INGRAM","PCTWHITE",61.45
"INGRAM","PCTBLACK",32.98
"JACKSON","PCTBLACK",53.04
"JACKSON","PCTWHITE",39.89
"JACOBS","PCTWHITE",74.28
"JACOBSON","PCTWHITE",94.66
"JAMES","PCTWHITE",51.58
"JAMES","PCTBLACK",38.86
"JARAMILLO","PCTHISPANIC",90.28
"JARVIS","PCTWHITE",84.87
"JEFFERSON","PCTBLACK",74.24
"JENKINS","PCTWHITE",57.76
"JENKINS","PCTBLACK",36.78
"JENNINGS","PCTWHITE",70.87
"JENNINGS","PCTBLACK",23.06
"JENSEN","PCTWHITE",93.97
"JIMENEZ","PCTHISPANIC",93.97
"JOHNS","PCTWHITE",79.78
"JOHNSON","PCTWHITE",58.97
"JOHNSON","PCTBLACK",34.63
"JOHNSTON","PCTWHITE",91.62
"JONES","PCTWHITE",55.19
"JONES","PCTBLACK",38.48
"JORDAN","PCTWHITE",61.44
"JORDAN","PCTBLACK",30.73
"JOSEPH","PCTBLACK",54.19
"JOSEPH","PCTWHITE",29.59
"JUAREZ","PCTHISPANIC",95.66
"KANE","PCTWHITE",89.08
"KAUR","PCTAPI",96.09
"KEITH","PCTWHITE",79.32
"KELLER","PCTWHITE",91.4
"KELLEY","PCTWHITE",83.78
"KELLY","PCTWHITE",78.09
"KEMP","PCTWHITE",71.72
"KEMP","PCTBLACK",22.83
"KENNEDY","PCTWHITE",80.82
"KENT","PCTWHITE",83.88
"KERR","PCTWHITE",86.86
"KHAN","PCTAPI",81.25
"KIM","PCTAPI",94.47
"KING","PCTWHITE",70.16
"KING","PCTBLACK",22.76
"KIRBY","PCTWHITE",85.9
"KIRK","PCTWHITE",82.37
"KLEIN","PCTWHITE",95.41
"KLINE","PCTWHITE",94.18
"KNAPP","PCTWHITE",94.71
"KNIGHT","PCTWHITE",72.31
"KNIGHT","PCTBLACK",21.61
"KNOX","PCTWHITE",63.4
"KNOX","PCTBLACK",30.58
"KOCH","PCTWHITE",95.29
"KRAMER","PCTWHITE",95.35
"KRUEGER","PCTWHITE",95.97
"LAM","PCTAPI",87.99
"LAMB","PCTWHITE",86.1
"LAMBERT","PCTWHITE",83.66
"LANDRY","PCTWHITE",82.97
"LANE","PCTWHITE",77.14
"LANG","PCTWHITE",81.36
"LARA","PCTHISPANIC",92.28
"LARSEN","PCTWHITE",94.16
"LARSON","PCTWHITE",94.79
"LAWRENCE","PCTWHITE",68.87
"LAWRENCE","PCTBLACK",24.65
"LAWSON","PCTWHITE",73.84
"LAWSON","PCTBLACK",20.74
"LE","PCTAPI",95.59
"LEACH","PCTWHITE",80.28
"LEAL","PCTHISPANIC",84.9
"LEBLANC","PCTWHITE",86.17
"LEE","PCTAPI",42.22
"LEE","PCTWHITE",35.95
"LEON","PCTHISPANIC",85.21
"LEONARD","PCTWHITE",80.38
"LESTER","PCTWHITE",75.78
"LEVY","PCTWHITE",79.16
"LEWIS","PCTWHITE",58.23
"LEWIS","PCTBLACK",34.84
"LI","PCTAPI",96.78
"LIM","PCTAPI",92.24
"LIN","PCTAPI",95.85
"LINDSEY","PCTWHITE",67.78
"LINDSEY","PCTBLACK",25.72
"LITTLE","PCTWHITE",70.11
"LITTLE","PCTBLACK",24.26
"LIU","PCTAPI",95.62
"LIVINGSTON","PCTWHITE",72.08
"LIVINGSTON","PCTBLACK",20.89
"LLOYD","PCTWHITE",72.59
"LLOYD","PCTBLACK",22.11
"LOGAN","PCTWHITE",64.8
"LOGAN","PCTBLACK",27.3
"LONG","PCTWHITE",79.88
"LOPEZ","PCTHISPANIC",92.92
"LOVE","PCTWHITE",56.49
"LOVE","PCTBLACK",37.03
"LOWE","PCTWHITE",73.04
"LOWERY","PCTWHITE",67.95
"LOWERY","PCTBLACK",22.96
"LOZANO","PCTHISPANIC",91.73
"LU","PCTAPI",95.74
"LUCAS","PCTWHITE",69.1
"LUCERO","PCTHISPANIC",82.41
"LUGO","PCTHISPANIC",91.21
"LUNA","PCTHISPANIC",88.78
"LYNCH","PCTWHITE",82.3
"LYNN","PCTWHITE",84.61
"LYONS","PCTWHITE",74.88
"MACDONALD","PCTWHITE",93.72
"MACIAS","PCTHISPANIC",94.14
"MACK","PCTBLACK",49.06
"MACK","PCTWHITE",44.76
"MADDEN","PCTWHITE",84.48
"MADDOX","PCTWHITE",69.75
"MADDOX","PCTBLACK",25.22
"MAGANA","PCTHISPANIC",94.9
"MAHONEY","PCTWHITE",91.1
"MALDONADO","PCTHISPANIC",93.71
"MALONE","PCTWHITE",67.31
"MALONE","PCTBLACK",26.77
"MANN","PCTWHITE",80.39
"MANNING","PCTWHITE",73.9
"MANNING","PCTBLACK",20.34
"MARIN","PCTHISPANIC",86.58
"MARKS","PCTWHITE",79.93
"MARQUEZ","PCTHISPANIC",90.7
"MARSH","PCTWHITE",82.74
"MARSHALL","PCTWHITE",66.03
"MARSHALL","PCTBLACK",27.51
"MARTIN","PCTWHITE",74.8
"MARTINEZ","PCTHISPANIC",92.91
"MASON","PCTWHITE",68.82
"MASON","PCTBLACK",25.1
"MASSEY","PCTWHITE",73.18
"MASSEY","PCTBLACK",20.42
"MATA","PCTHISPANIC",90.39
"MATHEWS","PCTWHITE",74.63
"MATHIS","PCTWHITE",61.94
"MATHIS","PCTBLACK",32.65
"MATTHEWS","PCTWHITE",63.37
"MATTHEWS","PCTBLACK",30.67
"MAXWELL","PCTWHITE",73.22
"MAXWELL","PCTBLACK",20.63
"MAY","PCTWHITE",83.55
"MAYER","PCTWHITE",93.11
"MAYNARD","PCTWHITE",87.48
"MAYO","PCTWHITE",63.25
"MAYO","PCTBLACK",22.18
"MAYS","PCTWHITE",54.75
"MAYS","PCTBLACK",39.68
"MCBRIDE","PCTWHITE",74.28
"MCCALL","PCTWHITE",66.52
"MCCALL","PCTBLACK",28.22
"MCCANN","PCTWHITE",89.67
"MCCARTHY","PCTWHITE",92.29
"MCCARTY","PCTWHITE",88.11
"MCCLAIN","PCTWHITE",61.11
"MCCLAIN","PCTBLACK",33.1
"MCCLURE","PCTWHITE",84.62
"MCCONNELL","PCTWHITE",88.76
"MCCORMICK","PCTWHITE",87.33
"MCCOY","PCTWHITE",66.88
"MCCOY","PCTBLACK",26.71
"MCCULLOUGH","PCTWHITE",73.27
"MCCULLOUGH","PCTBLACK",21.17
"MCDANIEL","PCTWHITE",76.18
"MCDONALD","PCTWHITE",76.65
"MCDOWELL","PCTWHITE",69.7
"MCDOWELL","PCTBLACK",24.86
"MCFARLAND","PCTWHITE",78.85
"MCGEE","PCTWHITE",62.25
"MCGEE","PCTBLACK",31.53
"MCGUIRE","PCTWHITE",88
"MCINTOSH","PCTWHITE",69.76
"MCINTOSH","PCTBLACK",23.8
"MCINTYRE","PCTWHITE",78.51
"MCKAY","PCTWHITE",80.03
"MCKEE","PCTWHITE",87.42
"MCKENZIE","PCTWHITE",64.64
"MCKENZIE","PCTBLACK",28.63
"MCKINNEY","PCTWHITE",68.84
"MCKINNEY","PCTBLACK",25.18
"MCLAUGHLIN","PCTWHITE",87.99
"MCLEAN","PCTWHITE",66.95
"MCLEAN","PCTBLACK",26.91
"MCMAHON","PCTWHITE",93.22
"MCMILLAN","PCTWHITE",67.96
"MCMILLAN","PCTBLACK",25.64
"MCPHERSON","PCTWHITE",73.35
"MCPHERSON","PCTBLACK",20.66
"MEADOWS","PCTWHITE",81.24
"MEDINA","PCTHISPANIC",91.16
"MEDRANO","PCTHISPANIC",92.98
"MEJIA","PCTHISPANIC",94.51
"MELENDEZ","PCTHISPANIC",93.08
"MELTON","PCTWHITE",79.76
"MENDEZ","PCTHISPANIC",93.83
"MENDOZA","PCTHISPANIC",89.97
"MERCADO","PCTHISPANIC",86.55
"MERRITT","PCTWHITE",75.08
"MEYER","PCTWHITE",94.84
"MEYERS","PCTWHITE",89.78
"MEZA","PCTHISPANIC",95.53
"MICHAEL","PCTWHITE",83.59
"MIDDLETON","PCTWHITE",66.71
"MIDDLETON","PCTBLACK",28.16
"MILES","PCTWHITE",61.33
"MILES","PCTBLACK",32.35
"MILLER","PCTWHITE",84.11
"MILLS","PCTWHITE",77.5
"MIRANDA","PCTHISPANIC",80.97
"MITCHELL","PCTWHITE",61.02
"MITCHELL","PCTBLACK",32.5
"MOLINA","PCTHISPANIC",90.32
"MONROE","PCTWHITE",62.88
"MONROE","PCTBLACK",29.27
"MONTES","PCTHISPANIC",92.58
"MONTGOMERY","PCTWHITE",67.86
"MONTGOMERY","PCTBLACK",26.23
"MONTOYA","PCTHISPANIC",88.44
"MOODY","PCTWHITE",71.27
"MOODY","PCTBLACK",22.86
"MOON","PCTWHITE",65.69
"MOORE","PCTWHITE",66.41
"MOORE","PCTBLACK",27.74
"MORA","PCTHISPANIC",90.59
"MORALES","PCTHISPANIC",93.23
"MORAN","PCTWHITE",64.14
"MORAN","PCTHISPANIC",30.81
"MORENO","PCTHISPANIC",92.23
"MORGAN","PCTWHITE",76.07
"MORRIS","PCTWHITE",73.59
"MORRIS","PCTBLACK",20.08
"MORRISON","PCTWHITE",79.11
"MORROW","PCTWHITE",79.85
"MORSE","PCTWHITE",90.54
"MORTON","PCTWHITE",74
"MOSES","PCTWHITE",55.05
"MOSES","PCTBLACK",34.47
"MOSLEY","PCTBLACK",53.16
"MOSLEY","PCTWHITE",40.49
"MOSS","PCTWHITE",69.73
"MOSS","PCTBLACK",24.71
"MOYER","PCTWHITE",93.37
"MUELLER","PCTWHITE",95.66
"MULLEN","PCTWHITE",87.64
"MULLINS","PCTWHITE",88.75
"MUNOZ","PCTHISPANIC",93.48
"MURILLO","PCTHISPANIC",93.84
"MURPHY","PCTWHITE",83.11
"MURRAY","PCTWHITE",74.92
"MYERS","PCTWHITE",84.5
"NASH","PCTWHITE",69.34
"NASH","PCTBLACK",24.62
"NAVA","PCTHISPANIC",93.76
"NAVARRO","PCTHISPANIC",88.14
"NEAL","PCTWHITE",62.1
"NEAL","PCTBLACK",31.84
"NELSON","PCTWHITE",77.66
"NEWMAN","PCTWHITE",83.03
"NEWTON","PCTWHITE",75.66
"NGUYEN","PCTAPI",96.45
"NICHOLS","PCTWHITE",82.42
"NICHOLSON","PCTWHITE",74.25
"NIELSEN","PCTWHITE",94.15
"NIXON","PCTWHITE",62.04
"NIXON","PCTBLACK",31.59
"NOBLE","PCTWHITE",77.69
"NOLAN","PCTWHITE",86.85
"NORMAN","PCTWHITE",68.97
"NORMAN","PCTBLACK",25.07
"NORRIS","PCTWHITE",79.88
"NORTON","PCTWHITE",87.84
"NOVAK","PCTWHITE",95.47
"NUNEZ","PCTHISPANIC",92.72
"OBRIEN","PCTWHITE",93.85
"OCHOA","PCTHISPANIC",94.09
"OCONNELL","PCTWHITE",95.42
"OCONNOR","PCTWHITE",92.81
"ODOM","PCTWHITE",69.03
"ODOM","PCTBLACK",25.85
"ODONNELL","PCTWHITE",95.1
"OLIVER","PCTWHITE",64.19
"OLIVER","PCTBLACK",27.45
"OLSEN","PCTWHITE",93.69
"OLSON","PCTWHITE",94.76
"ONEAL","PCTWHITE",64.55
"ONEAL","PCTBLACK",29.17
"ONEILL","PCTWHITE",92.67
"OROZCO","PCTHISPANIC",95.76
"ORR","PCTWHITE",79.42
"ORTEGA","PCTHISPANIC",93.11
"ORTIZ","PCTHISPANIC",93.11
"OSBORNE","PCTWHITE",82.28
"OWEN","PCTWHITE",91.78
"OWENS","PCTWHITE",65.85
"OWENS","PCTBLACK",28.41
"PACE","PCTWHITE",78.26
"PACHECO","PCTHISPANIC",81.43
"PADILLA","PCTHISPANIC",90.16
"PAGE","PCTWHITE",75.12
"PALACIOS","PCTHISPANIC",94.05
"PALMER","PCTWHITE",75.08
"PARK","PCTAPI",72.98
"PARK","PCTWHITE",23.34
"PARKER","PCTWHITE",69.17
"PARKER","PCTBLACK",24.79
"PARKS","PCTWHITE",69.39
"PARKS","PCTBLACK",24.91
"PARRA","PCTHISPANIC",92.29
"PARRISH","PCTWHITE",80.21
"PARSONS","PCTWHITE",91.09
"PATEL","PCTAPI",94.78
"PATRICK","PCTWHITE",73.73
"PATRICK","PCTBLACK",20.35
"PATTERSON","PCTWHITE",67.27
"PATTERSON","PCTBLACK",26.8
"PATTON","PCTWHITE",73.05
"PATTON","PCTBLACK",20.9
"PAUL","PCTWHITE",66.99
"PAUL","PCTBLACK",20.13
"PAYNE","PCTWHITE",71.55
"PAYNE","PCTBLACK",22.63
"PEARSON","PCTWHITE",72.14
"PEARSON","PCTBLACK",22.51
"PECK","PCTWHITE",90.68
"PENA","PCTHISPANIC",92.5
"PENNINGTON","PCTWHITE",87.86
"PERALTA","PCTHISPANIC",86.03
"PEREZ","PCTHISPANIC",92.95
"PERKINS","PCTWHITE",69.45
"PERKINS","PCTBLACK",24.6
"PERRY","PCTWHITE",68.32
"PERRY","PCTBLACK",25.2
"PERSON","PCTWHITE",45.58
"PERSON","PCTBLACK",34.51
"PETERS","PCTWHITE",82.86
"PETERSEN","PCTWHITE",93.42
"PETERSON","PCTWHITE",84.39
"PHAM","PCTAPI",96.33
"PHAN","PCTAPI",95.83
"PHELPS","PCTWHITE",85.1
"PHILLIPS","PCTWHITE",76.69
"PIERCE","PCTWHITE",80.98
"PINEDA","PCTHISPANIC",90.67
"PITTMAN","PCTWHITE",63.55
"PITTMAN","PCTBLACK",31.31
"PITTS","PCTWHITE",63.23
"PITTS","PCTBLACK",31.35
"POLLARD","PCTWHITE",62.77
"POLLARD","PCTBLACK",31.39
"PONCE","PCTHISPANIC",91.89
"POOLE","PCTWHITE",72.56
"POOLE","PCTBLACK",22.71
"POPE","PCTWHITE",70.83
"POPE","PCTBLACK",23.77
"PORTER","PCTWHITE",68.57
"PORTER","PCTBLACK",25.4
"PORTILLO","PCTHISPANIC",94.76
"POTTER","PCTWHITE",89.07
"POTTS","PCTWHITE",79.56
"POWELL","PCTWHITE",67.2
"POWELL","PCTBLACK",27.12
"POWERS","PCTWHITE",89.6
"PRATT","PCTWHITE",78.04
"PRESTON","PCTWHITE",73.18
"PRESTON","PCTBLACK",20.4
"PRICE","PCTWHITE",73.93
"PRICE","PCTBLACK",20.51
"PRINCE","PCTWHITE",66.42
"PRINCE","PCTBLACK",26.45
"PROCTOR","PCTWHITE",70.12
"PROCTOR","PCTBLACK",21.55
"PRUITT","PCTWHITE",73.19
"PRUITT","PCTBLACK",21.5
"PUGH","PCTWHITE",67.24
"PUGH","PCTBLACK",28.07
"QUINN","PCTWHITE",86.23
"QUINTANA","PCTHISPANIC",89.05
"QUINTERO","PCTHISPANIC",94.09
"RAMIREZ","PCTHISPANIC",94.48
"RAMOS","PCTHISPANIC",86.79
"RAMSEY","PCTWHITE",77.84
"RANDALL","PCTWHITE",74.65
"RANDOLPH","PCTWHITE",55.87
"RANDOLPH","PCTBLACK",37.71
"RANGEL","PCTHISPANIC",93.02
"RASMUSSEN","PCTWHITE",94.55
"RAY","PCTWHITE",74.97
"RAYMOND","PCTWHITE",79.07
"REED","PCTWHITE",71.29
"REED","PCTBLACK",22.63
"REESE","PCTWHITE",66.05
"REESE","PCTBLACK",28.24
"REEVES","PCTWHITE",77.31
"REID","PCTWHITE",59.83
"REID","PCTBLACK",34.1
"REILLY","PCTWHITE",95.27
"REYES","PCTHISPANIC",88.58
"REYNA","PCTHISPANIC",92.43
"REYNOLDS","PCTWHITE",81.08
"RHODES","PCTWHITE",74.76
"RHODES","PCTBLACK",20.04
"RICE","PCTWHITE",77.63
"RICH","PCTWHITE",85.2
"RICHARD","PCTWHITE",70.35
"RICHARD","PCTBLACK",23.46
"RICHARDS","PCTWHITE",78.67
"RICHARDSON","PCTWHITE",59.7
"RICHARDSON","PCTBLACK",33.63
"RICHMOND","PCTWHITE",71.72
"RICHMOND","PCTBLACK",22.84
"RILEY","PCTWHITE",72.79
"RILEY","PCTBLACK",21.27
"RIOS","PCTHISPANIC",93.61
"RIVAS","PCTHISPANIC",93.67
"RIVERA","PCTHISPANIC",91.06
"RIVERS","PCTBLACK",50.93
"RIVERS","PCTWHITE",40.47
"ROACH","PCTWHITE",80.26
"ROBBINS","PCTWHITE",87.57
"ROBERSON","PCTWHITE",51.34
"ROBERSON","PCTBLACK",42.78
"ROBERTS","PCTWHITE",77.27
"ROBERTSON","PCTWHITE",73.42
"ROBERTSON","PCTBLACK",20.61
"ROBINSON","PCTWHITE",48.7
"ROBINSON","PCTBLACK",44.93
"ROBLES","PCTHISPANIC",91.78
"ROCHA","PCTHISPANIC",81.08
"RODGERS","PCTWHITE",70.15
"RODGERS","PCTBLACK",23.84
"RODRIGUEZ","PCTHISPANIC",93.77
"ROGERS","PCTWHITE",75.4
"ROJAS","PCTHISPANIC",94.46
"ROLLINS","PCTWHITE",68.29
"ROLLINS","PCTBLACK",25.95
"ROMAN","PCTHISPANIC",75.67
"ROMAN","PCTWHITE",20.79
"ROMERO","PCTHISPANIC",88.5
"ROSALES","PCTHISPANIC",93.21
"ROSARIO","PCTHISPANIC",87.02
"ROSAS","PCTHISPANIC",95.08
"ROSE","PCTWHITE",82.08
"ROSS","PCTWHITE",68.96
"ROSS","PCTBLACK",24.46
"ROTH","PCTWHITE",94.86
"ROWE","PCTWHITE",79.26
"ROWLAND","PCTWHITE",86.6
"ROY","PCTWHITE",75.2
"RUBIO","PCTHISPANIC",92.04
"RUIZ","PCTHISPANIC",92.89
"RUSH","PCTWHITE",74.04
"RUSH","PCTBLACK",20.81
"RUSSELL","PCTWHITE",77.05
"RUSSO","PCTWHITE",93.85
"RYAN","PCTWHITE",91.65
"SALAS","PCTHISPANIC",90.22
"SALAZAR","PCTHISPANIC",91.65
"SALGADO","PCTHISPANIC",93.86
"SALINAS","PCTHISPANIC",92.88
"SAMPSON","PCTWHITE",60.21
"SAMPSON","PCTBLACK",29.99
"SANCHEZ","PCTHISPANIC",92.99
"SANDERS","PCTWHITE",60.78
"SANDERS","PCTBLACK",32.97
"SANDOVAL","PCTHISPANIC",91.93
"SANFORD","PCTWHITE",76.62
"SANTANA","PCTHISPANIC",91.59
"SANTIAGO","PCTHISPANIC",88.06
"SANTOS","PCTHISPANIC",62.2
"SANTOS","PCTWHITE",20.06
"SAUNDERS","PCTWHITE",67.39
"SAUNDERS","PCTBLACK",26.12
"SAVAGE","PCTWHITE",74.84
"SAWYER","PCTWHITE",80.83
"SCHAEFER","PCTWHITE",95.05
"SCHMIDT","PCTWHITE",95.15
"SCHMITT","PCTWHITE",95.68
"SCHNEIDER","PCTWHITE",95.35
"SCHROEDER","PCTWHITE",95.36
"SCHULTZ","PCTWHITE",94.81
"SCHWARTZ","PCTWHITE",95.93
"SCOTT","PCTWHITE",60.21
"SCOTT","PCTBLACK",32.92
"SELLERS","PCTWHITE",76.51
"SERRANO","PCTHISPANIC",90.34
"SEXTON","PCTWHITE",91.43
"SHAFFER","PCTWHITE",93.08
"SHAH","PCTAPI",91.74
"SHANNON","PCTWHITE",75.16
"SHARP","PCTWHITE",83.57
"SHAW","PCTWHITE",72.07
"SHAW","PCTBLACK",21.19
"SHELTON","PCTWHITE",73.49
"SHELTON","PCTBLACK",20.64
"SHEPARD","PCTWHITE",76.74
"SHEPHERD","PCTWHITE",78.64
"SHEPPARD","PCTWHITE",67.37
"SHEPPARD","PCTBLACK",26.79
"SHERMAN","PCTWHITE",82.74
"SHIELDS","PCTWHITE",75.83
"SHORT","PCTWHITE",84.12
"SIERRA","PCTHISPANIC",90.56
"SILVA","PCTHISPANIC",61.34
"SILVA","PCTWHITE",32.61
"SIMMONS","PCTWHITE",57.91
"SIMMONS","PCTBLACK",36.15
"SIMON","PCTWHITE",65.09
"SIMON","PCTBLACK",22.51
"SIMPSON","PCTWHITE",70.78
"SIMPSON","PCTBLACK",23.09
"SIMS","PCTWHITE",54.29
"SIMS","PCTBLACK",39.89
"SINGH","PCTAPI",82.77
"SINGLETON","PCTBLACK",48.62
"SINGLETON","PCTWHITE",45.91
"SKINNER","PCTWHITE",79.34
"SLOAN","PCTWHITE",79.42
"SMALL","PCTWHITE",62.66
"SMALL","PCTBLACK",30.81
"SMITH","PCTWHITE",70.9
"SMITH","PCTBLACK",23.11
"SNOW","PCTWHITE",85
"SNYDER","PCTWHITE",94.07
"SOLIS","PCTHISPANIC",92.43
"SOLOMON","PCTWHITE",57.83
"SOLOMON","PCTBLACK",32.11
"SOSA","PCTHISPANIC",93.31
"SOTO","PCTHISPANIC",93.45
"SPARKS","PCTWHITE",84.22
"SPEARS","PCTWHITE",66.95
"SPEARS","PCTBLACK",26.34
"SPENCE","PCTWHITE",72.23
"SPENCE","PCTBLACK",21.74
"SPENCER","PCTWHITE",69.41
"SPENCER","PCTBLACK",23.22
"STAFFORD","PCTWHITE",79.14
"STANLEY","PCTWHITE",78.79
"STANTON","PCTWHITE",82.89
"STARK","PCTWHITE",92.48
"STEELE","PCTWHITE",78.25
"STEIN","PCTWHITE",94.4
"STEPHENS","PCTWHITE",73.9
"STEPHENS","PCTBLACK",20.31
"STEPHENSON","PCTWHITE",80.06
"STEVENS","PCTWHITE",81.44
"STEVENSON","PCTWHITE",63.44
"STEVENSON","PCTBLACK",30.19
"STEWART","PCTWHITE",69.17
"STEWART","PCTBLACK",24.86
"STOKES","PCTWHITE",58.27
"STOKES","PCTBLACK",36
"STONE","PCTWHITE",85.95
"STOUT","PCTWHITE",92.05
"STRICKLAND","PCTWHITE",76.23
"STRONG","PCTWHITE",66.84
"STRONG","PCTBLACK",25.83
"STUART","PCTWHITE",84.01
"SUAREZ","PCTHISPANIC",90.12
"SULLIVAN","PCTWHITE",87.73
"SUMMERS","PCTWHITE",78.93
"SUTTON","PCTWHITE",72.77
"SUTTON","PCTBLACK",21.7
"SWANSON","PCTWHITE",90.41
"SWEENEY","PCTWHITE",90.6
"TANG","PCTAPI",93.31
"TANNER","PCTWHITE",82.75
"TAPIA","PCTHISPANIC",93.54
"TATE","PCTWHITE",55.59
"TATE","PCTBLACK",38.34
"TAYLOR","PCTWHITE",65.38
"TAYLOR","PCTBLACK",28.42
"TERRELL","PCTWHITE",55.26
"TERRELL","PCTBLACK",38.99
"TERRY","PCTWHITE",66.28
"TERRY","PCTBLACK",27.34
"THOMAS","PCTWHITE",52.63
"THOMAS","PCTBLACK",38.75
"THOMPSON","PCTWHITE",69.78
"THOMPSON","PCTBLACK",23.57
"THORNTON","PCTWHITE",67.42
"THORNTON","PCTBLACK",27.08
"TODD","PCTWHITE",80.77
"TORRES","PCTHISPANIC",92.16
"TOWNSEND","PCTWHITE",67.7
"TOWNSEND","PCTBLACK",26.42
"TRAN","PCTAPI",96
"TRAVIS","PCTWHITE",73.32
"TRAVIS","PCTBLACK",21.01
"TREJO","PCTHISPANIC",95.13
"TREVINO","PCTHISPANIC",91.06
"TRUJILLO","PCTHISPANIC",89.14
"TRUONG","PCTAPI",96.87
"TUCKER","PCTWHITE",70.01
"TUCKER","PCTBLACK",24.17
"TURNER","PCTWHITE",64.25
"TURNER","PCTBLACK",30.13
"TYLER","PCTWHITE",61.96
"TYLER","PCTBLACK",30.99
"UNDERWOOD","PCTWHITE",79.2
"VALDEZ","PCTHISPANIC",88.66
"VALENCIA","PCTHISPANIC",89.23
"VALENTINE","PCTWHITE",66.06
"VALENTINE","PCTBLACK",23.29
"VALENZUELA","PCTHISPANIC",90.36
"VANCE","PCTWHITE",81.62
"VANG","PCTAPI",96.7
"VARGAS","PCTHISPANIC",92.92
"VASQUEZ","PCTHISPANIC",93.17
"VAUGHAN","PCTWHITE",82.04
"VAUGHN","PCTWHITE",71.52
"VAUGHN","PCTBLACK",22.67
"VAZQUEZ","PCTHISPANIC",95.75
"VEGA","PCTHISPANIC",92.68
"VELASQUEZ","PCTHISPANIC",92.22
"VELAZQUEZ","PCTHISPANIC",95.95
"VELEZ","PCTHISPANIC",91.03
"VENTURA","PCTHISPANIC",74.47
"VILLA","PCTHISPANIC",88.74
"VILLALOBOS","PCTHISPANIC",94.84
"VILLANUEVA","PCTHISPANIC",81.77
"VILLARREAL","PCTHISPANIC",92.85
"VILLEGAS","PCTHISPANIC",91.88
"VINCENT","PCTWHITE",78.93
"VO","PCTAPI",96.07
"VU","PCTAPI",96.61
"WADE","PCTWHITE",64.94
"WADE","PCTBLACK",29.08
"WAGNER","PCTWHITE",92.47
"WALKER","PCTWHITE",58.66
"WALKER","PCTBLACK",35.05
"WALL","PCTWHITE",86.1
"WALLACE","PCTWHITE",69.24
"WALLACE","PCTBLACK",24.7
"WALLER","PCTWHITE",69.64
"WALLER","PCTBLACK",25.15
"WALLS","PCTWHITE",68.68
"WALLS","PCTBLACK",25.39
"WALSH","PCTWHITE",94.48
"WALTER","PCTWHITE",88.57
"WALTERS","PCTWHITE",82.92
"WALTON","PCTWHITE",60.37
"WALTON","PCTBLACK",34.2
"WANG","PCTAPI",95.24
"WARD","PCTWHITE",75.58
"WARE","PCTWHITE",48.69
"WARE","PCTBLACK",44.88
"WARNER","PCTWHITE",84.22
"WARREN","PCTWHITE",70.08
"WARREN","PCTBLACK",23.94
"WASHINGTON","PCTBLACK",87.53
"WATERS","PCTWHITE",73.39
"WATERS","PCTBLACK",20.68
"WATKINS","PCTWHITE",62.03
"WATKINS","PCTBLACK",32.27
"WATSON","PCTWHITE",66.03
"WATSON","PCTBLACK",27.9
"WATTS","PCTWHITE",68.62
"WATTS","PCTBLACK",25.52
"WEAVER","PCTWHITE",84.41
"WEBB","PCTWHITE",75.53
"WEBER","PCTWHITE",94.29
"WEBSTER","PCTWHITE",73.5
"WEEKS","PCTWHITE",84.38
"WEISS","PCTWHITE",95.58
"WELCH","PCTWHITE",83.47
"WELLS","PCTWHITE",74
"WEST","PCTWHITE",75.48
"WHEELER","PCTWHITE",80.96
"WHITAKER","PCTWHITE",70.71
"WHITAKER","PCTBLACK",24.33
"WHITE","PCTWHITE",65.51
"WHITE","PCTBLACK",28.17
"WHITEHEAD","PCTWHITE",70.49
"WHITEHEAD","PCTBLACK",24.03
"WHITNEY","PCTWHITE",85.44
"WIGGINS","PCTWHITE",54.67
"WIGGINS","PCTBLACK",39.64
"WILCOX","PCTWHITE",83.89
"WILEY","PCTWHITE",65.71
"WILEY","PCTBLACK",28.68
"WILKERSON","PCTWHITE",64.68
"WILKERSON","PCTBLACK",29.39
"WILKINS","PCTWHITE",63.09
"WILKINS","PCTBLACK",30.56
"WILKINSON","PCTWHITE",88.16
"WILLIAMS","PCTBLACK",47.68
"WILLIAMS","PCTWHITE",45.75
"WILLIAMSON","PCTWHITE",77.17
"WILLIS","PCTWHITE",62.22
"WILLIS","PCTBLACK",31.07
"WILSON","PCTWHITE",67.36
"WILSON","PCTBLACK",25.99
"WINTERS","PCTWHITE",79.11
"WISE","PCTWHITE",78.63
"WOLF","PCTWHITE",93.67
"WOLFE","PCTWHITE",90.77
"WONG","PCTAPI",86.49
"WOOD","PCTWHITE",88.72
"WOODARD","PCTWHITE",59.9
"WOODARD","PCTBLACK",34.6
"WOODS","PCTWHITE",58.3
"WOODS","PCTBLACK",35.3
"WOODWARD","PCTWHITE",89.74
"WRIGHT","PCTWHITE",65.8
"WRIGHT","PCTBLACK",28.23
"WU","PCTAPI",96.37
"WYATT","PCTWHITE",75.71
"XIONG","PCTAPI",98.07
"YANG","PCTAPI",96.81
"YATES","PCTWHITE",80.58
"YODER","PCTWHITE",97.77
"YORK","PCTWHITE",85.81
"YOUNG","PCTWHITE",66.26
"YOUNG","PCTBLACK",24.67
"YU","PCTAPI",96.1
"ZAMORA","PCTHISPANIC",91.21
"ZAVALA","PCTHISPANIC",96.13
"ZHANG","PCTAPI",98.06
"ZIMMERMAN","PCTWHITE",93.84
"ZUNIGA","PCTHISPANIC",93.92
